TIPO;ID;NOME;CATEGORIA;UNIDADES;VALOR_UNITARIO;VALOR_TOTAL;QTD_ANTERIOR;QTD_ATUAL
VENDA;1410;COXINHA DA ASA LEVO 1KG;CARNES E AVES;1;15.99;15.99;2;1
VENDA;1349;ABSORVENTE COM ABAS INTIMUS GEL 16UN;HIGIENE E LIMPEZA;1;14.89;14.89;4;3
VENDA;1467;;;1;0.0;0.0;1;0
VENDA;261;;;1;0.0;0.0;1;0
VENDA;205;ENERGETICO MANGO MONSTER 473ML;BEBIDA NÃO ALCÓLICA;1;13.99;13.99;6;5
VENDA;3;HALLS MENTOL 28G;DOCES;1;2.99;2.99;20;19
VENDA;1465;CHOCOLATE SNICKERS ORIGINAL 40G;DOCES;1;6.79;6.79;13;12
VENDA;1420;REFRIGERANTE COCA COLA 2L;BEBIDA NÃO ALCÓLICA;1;12.99;12.99;6;5
VENDA;1604;;;1;0.0;0.0;1;0
VENDA;1593;AGUA MINERAL NATURAL MARIZA 500ML;BEBIDA NÃO ALCÓLICA;1;3.49;3.49;6;5
VENDA;18;CHOCOLATE LOLLO NESTLE 28G;DOCES;1;5.69;5.69;22;21
VENDA;156;AGUA DE COCO MARI COCO 200ML;BEBIDA NÃO ALCÓLICA;1;4.99;4.99;3;2
VENDA;2;HALLS MELANCIA 28G;DOCES;1;2.99;2.99;14;13
VENDA;1521;CHOCOLATE MEIO AMARGO NESTLE 80G;DOCES;1;11.99;11.99;4;3
VENDA;1375;;;1;0.0;0.0;1;0
VENDA;1307;AGUA SANITARIA YPE 1L;HIGIENE E LIMPEZA;1;5.89;5.89;5;4
